,Kind,Name,AvgCyclomatic,AvgCyclomaticModified,AvgCyclomaticStrict,AvgEssential,AvgLine,AvgLineBlank,AvgLineCode,AvgLineComment,CountDeclClass,CountDeclClassMethod,CountDeclClassVariable,CountDeclFunction,CountDeclInstanceMethod,CountDeclInstanceVariable,CountDeclMethod,CountDeclMethodDefault,CountDeclMethodPrivate,CountDeclMethodProtected,CountDeclMethodPublic,CountLine,CountLineBlank,CountLineCode,CountLineCodeDecl,CountLineCodeExe,CountLineComment,CountSemicolon,CountStmt,CountStmtDecl,CountStmtExe,MaxCyclomatic,MaxCyclomaticModified,MaxCyclomaticStrict,RatioCommentToCode,SumCyclomatic,SumCyclomaticModified,SumCyclomaticStrict,SumEssential,MaxNesting,bug
0,File,org.apache.poi.dev.RecordGenerator,3,3,4,1,37,2,32,2,1,2,0,2,0,0,2,0,1,0,1,141,10,74,28,46,57,39,46,25,21,4,4,6,0.77,6,6,8,2,3,0.0
1,File,org.apache.poi.hpsf.ClassID,1,1,1,1,16,1,7,7,1,0,1,6,6,1,6,0,0,0,6,199,30,54,12,29,115,36,46,15,31,2,2,2,2.13,9,9,9,6,1,0.0
2,File,org.apache.poi.hpsf.DocumentSummaryInformation,1,1,1,1,9,0,4,4,1,0,0,16,16,0,16,0,0,0,16,271,50,83,22,27,138,25,47,21,26,2,2,2,1.66,21,21,21,16,1,0.0
3,File,org.apache.poi.hpsf.HPSFException,1,1,1,1,10,0,4,6,1,0,0,5,5,1,5,0,0,0,5,138,18,27,8,7,93,9,15,8,7,1,1,1,3.44,5,5,5,5,0,0.0
4,File,org.apache.poi.hpsf.HPSFRuntimeException,1,1,1,1,10,0,4,6,1,0,0,5,5,1,5,0,0,0,5,139,18,27,8,7,94,9,15,8,7,1,1,1,3.48,5,5,5,5,0,0.0
5,File,org.apache.poi.hpsf.IllegalPropertySetDataException,1,1,1,1,4,0,4,0,1,0,0,4,4,0,4,0,0,0,4,99,12,21,7,4,66,5,10,6,4,1,1,1,3.14,4,4,4,4,0,0.0
6,File,org.apache.poi.hpsf.MarkUnsupportedException,1,1,1,1,4,0,4,0,1,0,0,4,4,0,4,0,0,0,4,92,7,20,6,4,65,5,10,6,4,1,1,1,3.25,4,4,4,4,0,0.0
7,File,org.apache.poi.hpsf.NoPropertySetStreamException,1,1,1,1,4,0,4,0,1,0,0,4,4,0,4,0,0,0,4,97,7,21,7,4,69,5,10,6,4,1,1,1,3.29,4,4,4,4,0,0.0
8,File,org.apache.poi.hpsf.NoSingleSectionException,1,1,1,1,4,0,4,0,1,0,0,4,4,0,4,0,0,0,4,97,7,20,6,4,70,5,10,6,4,1,1,1,3.5,4,4,4,4,0,0.0
9,File,org.apache.poi.hpsf.Property,2,2,2,1,26,1,14,11,1,0,0,6,6,3,6,0,0,2,4,274,30,94,28,51,150,51,64,28,36,7,5,8,1.6,14,12,15,6,2,2.0
10,File,org.apache.poi.hpsf.PropertySet,1,1,1,1,17,0,7,9,1,2,2,20,18,6,20,0,1,3,16,528,74,165,60,74,291,74,103,48,55,4,4,4,1.76,28,28,28,23,1,1.0
11,File,org.apache.poi.hpsf.PropertySetFactory,3,3,3,3,22,0,12,10,1,1,0,1,0,0,1,0,0,0,1,97,5,17,7,7,75,6,10,5,5,3,3,3,4.41,3,3,3,3,1,1.0
12,File,org.apache.poi.hpsf.Section,1,1,1,1,15,0,8,6,1,0,0,10,10,7,10,0,0,2,8,278,49,94,27,47,135,51,70,29,41,4,4,4,1.44,18,18,18,12,2,1.0
13,File,org.apache.poi.hpsf.SpecialPropertySet,1,1,1,1,4,0,4,0,1,0,0,10,10,1,10,0,0,0,10,169,35,47,15,10,87,14,25,15,10,1,1,1,1.85,10,10,10,10,0,0.0
14,File,org.apache.poi.hpsf.SummaryInformation,1,1,1,1,8,0,4,3,1,0,0,19,19,0,19,0,0,0,19,290,59,89,25,24,142,25,47,24,23,2,2,2,1.6,21,21,21,19,1,1.0
15,File,org.apache.poi.hpsf.Thumbnail,1,1,1,1,18,0,7,10,1,0,11,7,7,1,7,0,0,0,7,337,36,67,27,39,234,29,40,26,14,3,3,3,3.49,10,10,10,7,1,0.0
16,File,org.apache.poi.hpsf.TypeReader,14,8,15,1,132,0,82,50,1,1,0,1,0,0,1,0,0,0,1,213,4,88,21,57,121,51,60,23,37,14,8,15,1.38,14,8,15,1,2,0.0
17,File,org.apache.poi.hpsf.UnexpectedPropertySetTypeException,1,1,1,1,4,0,4,0,1,0,0,4,4,0,4,0,0,0,4,97,7,21,7,4,69,5,10,6,4,1,1,1,3.29,4,4,4,4,0,0.0
18,File,org.apache.poi.hpsf.Util,2,2,2,1,20,0,8,11,1,5,1,5,0,0,5,0,0,0,5,193,18,48,19,25,127,30,43,21,22,4,4,4,2.65,12,12,12,8,2,0.0
19,File,org.apache.poi.hpsf.Variant,0,0,0,0,0,0,0,0,1,0,47,0,0,0,0,0,0,0,0,364,49,51,49,47,264,48,49,49,0,0,0,0,5.18,0,0,0,0,0,0.0
20,File,org.apache.poi.hpsf.wellknown.PropertyIDMap,1,1,1,1,15,0,11,3,1,3,35,6,3,0,6,0,0,0,6,234,26,110,48,81,98,83,92,48,44,2,2,2,0.89,8,8,8,6,1,0.0
21,File,org.apache.poi.hpsf.wellknown.SectionIDMap,1,1,1,1,14,0,7,6,1,2,4,6,4,0,6,0,0,0,6,213,28,62,21,29,123,20,30,16,14,3,3,3,1.98,9,9,9,8,2,0.0
22,File,org.apache.poi.hssf.dev.BiffViewer,12,3,13,1,68,11,50,6,1,6,0,9,3,2,9,0,4,0,5,713,120,472,48,376,124,256,286,41,245,88,9,88,0.26,115,30,119,9,5,0.0
23,File,org.apache.poi.hssf.dev.EFBiffViewer,1,1,1,1,11,0,10,0,2,1,0,5,4,1,5,0,0,0,5,132,14,60,20,25,58,24,32,20,12,3,3,4,0.97,7,7,8,5,2,1.0
24,File,org.apache.poi.hssf.dev.EFHSSF,2,1,2,1,16,2,14,0,2,1,0,8,7,5,8,0,0,0,8,227,33,136,42,76,58,70,86,41,45,10,5,10,0.43,19,14,20,8,2,1.0
25,File,org.apache.poi.hssf.dev.FormulaViewer,2,2,2,1,19,0,13,5,1,1,0,6,5,1,6,0,0,0,6,218,23,100,37,45,95,54,67,37,30,3,3,5,0.95,12,12,14,6,2,0.0
26,File,org.apache.poi.hssf.dev.HSSF,4,4,5,1,77,7,40,30,1,1,0,4,3,4,4,0,0,0,4,409,45,181,52,111,186,105,125,51,74,10,10,11,1.03,19,19,20,4,3,0.0
27,File,org.apache.poi.hssf.eventmodel.ERFListener,0,0,0,0,0,0,0,0,1,0,0,1,1,0,1,0,0,0,1,74,2,6,4,0,66,3,4,4,0,0,0,0,11.0,0,0,0,0,0,0.0
28,File,org.apache.poi.hssf.eventmodel.EventRecordFactory,3,3,4,2,28,2,21,5,2,3,3,11,8,5,11,1,2,1,7,556,51,366,140,166,144,196,239,141,98,14,14,18,0.39,43,43,49,27,8,0.0
29,File,org.apache.poi.hssf.eventmodel.ModelFactory,2,2,2,1,13,0,9,2,1,0,0,5,5,3,5,0,1,0,4,157,16,66,24,31,75,35,46,24,22,6,5,6,1.14,11,10,11,5,3,0.0
30,File,org.apache.poi.hssf.eventmodel.ModelFactoryListener,0,0,0,0,0,0,0,0,1,0,0,1,1,0,1,0,0,0,1,72,2,6,4,0,64,3,4,4,0,0,0,0,10.67,0,0,0,0,0,0.0
31,File,org.apache.poi.hssf.eventusermodel.AbortableHSSFListener,1,1,1,1,8,0,3,5,1,0,0,2,2,0,2,0,0,0,2,106,7,10,6,0,89,4,6,6,0,1,1,1,8.9,1,1,1,1,0,1.0
32,File,org.apache.poi.hssf.eventusermodel.HSSFEventFactory,3,3,3,2,28,2,16,11,1,0,0,6,6,0,6,0,0,1,5,270,30,110,35,49,137,43,64,30,34,14,14,15,1.25,20,20,21,17,6,0.0
33,File,org.apache.poi.hssf.eventusermodel.HSSFListener,0,0,0,0,0,0,0,0,1,0,0,1,1,0,1,0,0,0,1,78,7,6,4,0,65,3,4,4,0,0,0,0,10.83,0,0,0,0,0,0.0
34,File,org.apache.poi.hssf.eventusermodel.HSSFRequest,2,2,2,2,22,1,13,8,1,0,0,4,4,1,4,0,0,1,3,179,18,64,21,28,99,30,41,23,18,5,5,5,1.55,10,10,10,8,4,1.0
35,File,org.apache.poi.hssf.eventusermodel.HSSFUserException,1,1,1,1,8,0,4,3,1,0,0,5,5,1,5,0,0,0,5,140,19,27,8,7,94,9,15,8,7,1,1,1,3.48,5,5,5,5,0,0.0
36,File,org.apache.poi.hssf.model.FormulaParser,2,2,2,1,12,0,9,2,2,2,7,58,56,13,58,0,46,0,12,916,144,557,144,370,231,314,449,152,297,9,9,12,0.41,135,135,165,62,4,2.0
37,File,org.apache.poi.hssf.model.Model,0,0,0,0,0,0,0,0,1,0,0,0,0,0,0,0,0,0,0,11,2,4,2,0,5,1,2,2,0,0,0,0,1.25,0,0,0,0,0,0.0
38,File,org.apache.poi.hssf.model.Sheet,2,2,2,1,22,1,12,8,1,3,9,98,95,24,98,0,4,26,68,2523,279,1291,254,771,969,653,853,263,590,26,26,27,0.75,210,204,219,136,5,1.0
39,File,org.apache.poi.hssf.model.Workbook,2,1,2,1,21,1,13,6,1,2,3,84,82,10,84,0,3,34,47,2079,312,1149,206,894,650,807,944,216,728,27,6,27,0.57,194,143,202,113,3,1.0
40,File,org.apache.poi.hssf.model.WorkbookRecordList,1,1,1,1,5,0,4,0,1,0,0,27,27,11,27,0,0,0,27,254,35,142,45,58,87,64,112,45,67,11,11,11,0.61,47,47,47,27,1,0.0
41,File,org.apache.poi.hssf.record.AreaFormatRecord,1,1,1,1,9,0,5,3,1,0,1,25,25,8,25,0,0,2,23,353,55,162,42,70,137,62,89,41,48,2,2,2,0.85,26,26,26,25,1,0.0
42,File,org.apache.poi.hssf.record.AreaRecord,1,1,1,1,8,0,4,3,1,0,1,17,17,4,17,0,0,2,15,253,42,97,30,34,115,36,55,29,26,2,2,2,1.19,18,18,18,17,1,0.0
43,File,org.apache.poi.hssf.record.AxisLineFormatRecord,1,1,1,1,9,0,5,3,1,0,5,12,12,1,12,0,0,2,10,221,43,75,26,31,104,31,45,25,20,2,2,2,1.39,13,13,13,12,1,0.0
44,File,org.apache.poi.hssf.record.AxisOptionsRecord,1,1,1,1,9,0,5,3,1,0,1,44,44,17,44,0,0,2,42,556,75,279,70,131,203,123,169,69,100,2,2,2,0.73,45,45,45,44,1,0.0
45,File,org.apache.poi.hssf.record.AxisParentRecord,1,1,1,1,9,0,6,3,1,0,3,20,20,5,20,0,0,2,18,311,51,137,36,65,124,61,83,35,48,2,2,2,0.91,21,21,21,20,1,0.0
46,File,org.apache.poi.hssf.record.AxisRecord,1,1,1,1,9,0,5,3,1,0,4,19,19,5,19,0,0,2,17,303,48,130,36,57,126,51,72,35,37,2,2,2,0.97,20,20,20,19,1,0.0
47,File,org.apache.poi.hssf.record.AxisUsedRecord,1,1,1,1,8,0,5,2,1,0,1,11,11,1,11,0,0,2,9,193,36,67,21,22,91,24,37,20,17,2,2,2,1.36,12,12,12,11,1,0.0
48,File,org.apache.poi.hssf.record.BOFRecord,1,1,1,1,10,0,5,4,1,0,11,22,22,6,22,0,0,2,20,373,55,148,45,69,172,69,93,44,49,2,2,2,1.16,23,23,23,22,1,1.0
49,File,org.apache.poi.hssf.record.BackupRecord,1,1,1,1,7,0,5,2,1,0,1,11,11,1,11,0,0,2,9,170,21,63,18,21,88,21,34,17,17,2,2,2,1.4,12,12,12,11,1,0.0
50,File,org.apache.poi.hssf.record.BarRecord,1,1,1,1,8,0,5,3,1,0,1,23,23,7,23,0,0,2,21,322,50,138,39,55,135,53,78,38,40,2,2,2,0.98,24,24,24,23,1,0.0
51,File,org.apache.poi.hssf.record.BeginRecord,1,1,1,1,6,0,4,1,1,0,1,9,9,0,9,0,0,2,7,143,17,50,15,15,77,15,26,14,12,2,2,2,1.54,10,10,10,9,1,0.0
52,File,org.apache.poi.hssf.record.BlankRecord,1,1,1,1,10,0,7,2,1,0,1,23,23,3,23,0,0,2,21,361,43,185,36,79,133,60,98,34,64,6,6,7,0.72,37,37,44,36,1,0.0
53,File,org.apache.poi.hssf.record.BookBoolRecord,1,1,1,1,7,0,5,2,1,0,1,11,11,1,11,0,0,2,9,170,21,63,18,21,87,21,34,17,17,2,2,2,1.38,12,12,12,11,1,0.0
54,File,org.apache.poi.hssf.record.BoolErrRecord,1,1,1,1,10,0,7,2,1,0,1,30,30,5,30,0,0,2,28,434,52,233,45,101,149,79,125,43,82,6,6,7,0.64,47,47,54,43,1,0.0
55,File,org.apache.poi.hssf.record.BottomMarginRecord,1,1,1,1,0,0,0,0,1,0,1,12,12,1,12,0,0,2,10,1,0,1,1,1,0,24,38,19,19,2,2,2,0.0,13,13,13,12,1,0.0
56,File,org.apache.poi.hssf.record.BoundSheetRecord,1,1,1,1,11,0,6,5,1,0,1,20,20,5,20,0,0,2,18,342,47,133,33,55,167,50,74,32,42,2,2,2,1.26,24,24,24,20,1,0.0
57,File,org.apache.poi.hssf.record.CalcCountRecord,1,1,1,1,7,0,4,2,1,0,1,12,12,1,12,0,0,2,10,179,22,67,20,23,90,24,38,19,19,2,2,2,1.34,13,13,13,12,1,0.0
58,File,org.apache.poi.hssf.record.CalcModeRecord,1,1,1,1,7,0,4,2,1,0,4,12,12,1,12,0,0,2,10,204,28,70,23,26,106,27,41,22,19,2,2,2,1.51,13,13,13,12,1,0.0
59,File,org.apache.poi.hssf.record.CategorySeriesAxisRecord,1,1,1,1,9,0,5,3,1,0,1,23,23,7,23,0,0,2,21,325,51,142,39,58,133,54,79,38,41,2,2,2,0.94,24,24,24,23,1,0.0
60,File,org.apache.poi.hssf.record.CellValueRecordInterface,0,0,0,0,0,0,0,0,1,0,0,10,10,0,10,0,0,0,10,144,21,14,12,0,109,11,12,12,0,0,0,0,7.79,0,0,0,0,0,0.0
61,File,org.apache.poi.hssf.record.ChartFormatRecord,1,1,1,1,6,0,5,0,1,0,1,19,19,6,19,0,0,2,17,222,28,118,32,47,79,47,68,31,37,2,2,2,0.67,20,20,20,19,1,0.0
62,File,org.apache.poi.hssf.record.ChartRecord,1,1,1,1,9,0,5,2,1,0,1,17,17,4,17,0,0,2,15,265,45,112,30,46,109,42,61,29,32,2,2,2,0.97,18,18,18,17,1,0.0
63,File,org.apache.poi.hssf.record.CodepageRecord,1,1,1,1,7,0,5,2,1,0,2,11,11,1,11,0,0,2,9,179,23,64,19,22,94,22,35,18,17,2,2,2,1.47,12,12,12,11,1,1.0
64,File,org.apache.poi.hssf.record.ColumnInfoRecord,1,1,1,1,8,0,5,3,1,0,4,26,26,6,26,0,0,2,24,369,53,160,43,68,157,69,97,42,55,2,2,2,0.98,27,27,27,26,1,0.0
65,File,org.apache.poi.hssf.record.ContinueRecord,1,1,1,1,13,0,7,5,1,1,1,13,12,1,13,0,0,3,10,270,40,100,31,45,132,50,68,33,35,4,4,4,1.32,17,17,17,13,1,0.0
66,File,org.apache.poi.hssf.record.CountryRecord,1,1,1,1,7,0,5,2,1,0,1,13,13,2,13,0,0,2,11,200,26,76,21,27,99,27,42,20,22,2,2,2,1.3,14,14,14,13,1,0.0
67,File,org.apache.poi.hssf.record.CustomField,0,0,0,0,0,0,0,0,1,0,0,4,4,0,4,4,0,0,0,38,6,9,7,0,23,5,6,6,0,0,0,0,2.56,0,0,0,0,0,0.0
68,File,org.apache.poi.hssf.record.DBCellRecord,1,1,1,1,9,0,6,2,1,0,1,15,15,2,15,0,0,2,13,239,29,111,25,44,99,42,64,27,37,3,3,3,0.89,21,21,21,15,1,0.0
69,File,org.apache.poi.hssf.record.DSFRecord,1,1,1,1,7,0,5,2,1,0,1,11,11,1,11,0,0,2,9,168,21,63,18,21,85,21,34,17,17,2,2,2,1.35,12,12,12,11,1,0.0
70,File,org.apache.poi.hssf.record.DatRecord,1,1,1,1,8,0,4,3,1,0,1,19,19,5,19,0,0,2,17,273,44,107,33,38,123,40,61,32,29,2,2,2,1.15,20,20,20,19,1,0.0
71,File,org.apache.poi.hssf.record.DataFormatRecord,1,1,1,1,9,0,5,3,1,0,1,19,19,5,19,0,0,2,17,285,47,122,33,50,117,46,67,32,35,2,2,2,0.96,20,20,20,19,1,0.0
72,File,org.apache.poi.hssf.record.DateWindow1904Record,1,1,1,1,7,0,5,2,1,0,1,11,11,1,11,0,0,2,9,169,21,64,19,21,86,21,34,17,17,2,2,2,1.34,12,12,12,11,1,0.0
73,File,org.apache.poi.hssf.record.DefaultColWidthRecord,1,1,1,1,7,0,5,1,1,0,1,12,12,1,12,0,0,2,10,175,22,68,21,23,85,24,38,19,19,2,2,2,1.25,13,13,13,12,1,0.0
74,File,org.apache.poi.hssf.record.DefaultDataLabelTextPropertiesRecord,1,1,1,1,9,0,5,3,1,0,4,11,11,1,11,0,0,2,9,207,36,70,24,25,102,27,40,23,17,2,2,2,1.46,12,12,12,11,1,0.0
75,File,org.apache.poi.hssf.record.DefaultRowHeightRecord,1,1,1,1,7,0,5,2,1,0,1,14,14,2,14,0,0,2,12,201,26,82,24,30,93,31,47,22,25,2,2,2,1.13,15,15,15,14,1,0.0
76,File,org.apache.poi.hssf.record.DeltaRecord,1,1,1,1,6,0,4,1,1,0,2,12,12,1,12,0,0,2,10,177,23,68,21,24,87,25,39,20,19,2,2,2,1.28,13,13,13,12,1,0.0
77,File,org.apache.poi.hssf.record.DimensionsRecord,1,1,1,1,8,0,5,2,1,0,1,18,18,5,18,0,0,2,16,258,34,115,30,49,111,50,70,29,41,2,2,2,0.97,19,19,19,18,1,0.0
78,File,org.apache.poi.hssf.record.EOFRecord,1,1,1,1,6,0,4,1,1,0,1,10,10,0,10,0,0,2,8,150,18,54,17,17,79,17,29,16,13,2,2,2,1.46,11,11,11,10,1,0.0
79,File,org.apache.poi.hssf.record.EndRecord,1,1,1,1,6,0,4,1,1,0,1,9,9,0,9,0,0,2,7,143,17,50,15,15,77,15,26,14,12,2,2,2,1.54,10,10,10,9,1,0.0
80,File,org.apache.poi.hssf.record.ExtSSTInfoSubRecord,1,1,1,1,5,0,4,0,1,0,1,13,13,3,13,0,0,2,11,164,21,75,23,26,72,28,42,21,21,1,1,1,0.96,13,13,13,13,0,0.0
81,File,org.apache.poi.hssf.record.ExtSSTRecord,1,1,1,1,8,0,6,1,1,0,1,14,14,2,14,0,0,2,12,214,27,105,27,46,82,43,62,28,34,2,2,2,0.78,18,18,18,14,1,0.0
82,File,org.apache.poi.hssf.record.ExtendedFormatRecord,1,1,1,1,14,0,5,8,1,0,80,95,95,9,95,0,0,2,93,1877,232,681,209,355,972,252,351,189,162,3,3,3,1.43,98,98,98,95,1,1.0
83,File,org.apache.poi.hssf.record.ExternSheetRecord,1,1,1,1,0,0,0,0,1,0,1,14,14,2,14,0,0,2,12,1,0,1,1,1,0,46,65,30,35,2,2,2,0.0,18,18,18,14,1,0.0
84,File,org.apache.poi.hssf.record.ExternSheetSubRecord,1,1,1,1,7,0,3,4,1,0,1,15,15,3,15,0,0,2,13,208,24,60,23,23,125,28,44,23,21,1,1,1,2.08,15,15,15,15,0,0.0
85,File,org.apache.poi.hssf.record.FnGroupCountRecord,1,1,1,1,7,0,5,2,1,0,2,11,11,1,11,0,0,2,9,176,23,64,19,22,90,22,35,18,17,2,2,2,1.41,12,12,12,11,1,0.0
86,File,org.apache.poi.hssf.record.FontBasisRecord,1,1,1,1,9,0,5,2,1,0,1,19,19,5,19,0,0,2,17,289,48,127,33,54,115,48,69,32,37,2,2,2,0.91,20,20,20,19,1,0.0
87,File,org.apache.poi.hssf.record.FontIndexRecord,1,1,1,1,8,0,5,2,1,0,1,11,11,1,11,0,0,2,9,193,36,67,21,22,91,24,37,20,17,2,2,2,1.36,12,12,12,11,1,0.0
88,File,org.apache.poi.hssf.record.FontRecord,1,1,1,1,11,0,6,5,1,0,13,37,37,11,37,0,0,2,35,596,79,260,74,119,273,107,149,68,81,3,3,3,1.05,41,41,41,37,2,0.0
89,File,org.apache.poi.hssf.record.FooterRecord,1,1,1,1,9,0,6,3,1,0,1,14,14,2,14,0,0,2,12,229,28,100,26,40,106,36,56,25,31,3,3,3,1.06,19,19,19,14,1,0.0
90,File,org.apache.poi.hssf.record.FormatRecord,1,1,1,1,10,0,6,4,1,0,1,17,17,5,17,0,0,2,15,286,37,115,29,48,136,45,66,28,38,4,4,4,1.18,24,24,24,17,1,0.0
91,File,org.apache.poi.hssf.record.FormulaRecord,1,1,1,1,12,0,9,2,1,0,2,37,37,10,37,0,3,2,32,617,90,363,75,187,166,149,215,75,140,6,6,7,0.46,65,65,73,50,3,0.0
92,File,org.apache.poi.hssf.record.FrameRecord,1,1,1,1,9,0,5,3,1,0,3,17,17,4,17,0,0,2,15,268,43,104,32,40,122,40,59,31,28,2,2,2,1.17,18,18,18,17,1,0.0
93,File,org.apache.poi.hssf.record.GridsetRecord,1,1,1,1,7,0,5,2,1,0,1,12,12,1,12,0,0,2,10,186,22,74,20,26,90,25,40,19,21,2,2,2,1.22,14,14,14,12,1,0.0
94,File,org.apache.poi.hssf.record.GutsRecord,1,1,1,1,8,0,5,3,1,0,1,18,18,4,18,0,0,2,16,259,34,109,29,44,120,45,65,28,37,2,2,2,1.1,19,19,19,18,1,0.0
95,File,org.apache.poi.hssf.record.HCenterRecord,1,1,1,1,7,0,5,1,1,0,1,12,12,1,12,0,0,2,10,180,22,74,20,26,84,25,40,19,21,2,2,2,1.14,14,14,14,12,1,0.0
96,File,org.apache.poi.hssf.record.HeaderRecord,1,1,1,1,9,0,6,3,1,0,1,14,14,2,14,0,0,2,12,231,29,101,26,41,106,37,57,25,32,3,3,3,1.05,19,19,19,14,1,0.0
97,File,org.apache.poi.hssf.record.HideObjRecord,1,1,1,1,7,0,5,2,1,0,4,11,11,1,11,0,0,2,9,178,21,66,21,24,92,24,37,20,17,2,2,2,1.39,12,12,12,11,1,0.0
98,File,org.apache.poi.hssf.record.IndexRecord,1,1,1,1,7,0,6,0,1,0,2,18,18,5,18,0,0,2,16,240,27,134,32,57,85,60,85,34,51,2,2,2,0.63,24,24,24,18,1,0.0
99,File,org.apache.poi.hssf.record.InterfaceEndRecord,1,1,1,1,6,0,4,1,1,0,1,9,9,0,9,0,0,2,7,143,17,50,15,15,77,15,26,14,12,2,2,2,1.54,10,10,10,9,1,0.0
100,File,org.apache.poi.hssf.record.InterfaceHdrRecord,1,1,1,1,7,0,5,2,1,0,2,11,11,1,11,0,0,2,9,177,23,64,19,22,92,22,35,18,17,2,2,2,1.44,12,12,12,11,1,0.0
101,File,org.apache.poi.hssf.record.IterationRecord,1,1,1,1,7,0,5,2,1,0,1,12,12,1,12,0,0,2,10,184,22,74,20,26,88,25,40,19,21,2,2,2,1.19,14,14,14,12,1,0.0
102,File,org.apache.poi.hssf.record.LabelRecord,1,1,1,1,8,0,6,2,1,0,1,22,22,6,22,0,0,2,20,329,41,151,36,54,137,47,78,34,44,4,4,6,0.91,30,30,35,28,1,0.0
103,File,org.apache.poi.hssf.record.LabelSSTRecord,1,1,1,1,9,0,7,1,1,0,1,25,25,4,25,0,0,2,23,344,39,199,39,86,106,67,107,37,70,6,6,7,0.53,39,39,46,38,1,0.0
104,File,org.apache.poi.hssf.record.LeftMarginRecord,1,1,1,1,0,0,0,0,1,0,1,12,12,1,12,0,0,2,10,1,0,1,1,1,0,24,38,19,19,2,2,2,0.0,13,13,13,12,1,0.0
105,File,org.apache.poi.hssf.record.LegendRecord,1,1,1,1,10,0,5,4,1,0,10,35,35,13,35,0,0,2,33,494,66,226,66,103,203,93,130,65,65,2,2,2,0.9,36,36,36,35,1,0.0
106,File,org.apache.poi.hssf.record.LineFormatRecord,1,1,1,1,10,0,5,4,1,0,14,25,25,8,25,0,0,2,23,398,54,170,55,79,175,73,100,54,46,2,2,2,1.03,26,26,26,25,1,0.0
107,File,org.apache.poi.hssf.record.LinkedDataFormulaField,1,1,1,1,9,0,8,0,1,0,0,9,9,1,9,0,1,0,8,167,16,90,28,41,61,40,53,29,24,2,2,2,0.68,14,14,14,9,1,0.0
108,File,org.apache.poi.hssf.record.LinkedDataRecord,1,1,1,1,10,0,5,4,1,0,9,21,21,6,21,0,0,2,19,343,50,145,44,66,149,60,83,43,40,2,2,2,1.03,22,22,22,21,1,0.0
109,File,org.apache.poi.hssf.record.MMSRecord,1,1,1,1,7,0,5,2,1,0,1,13,13,2,13,0,0,2,11,193,25,76,21,27,95,27,42,20,22,2,2,2,1.25,14,14,14,13,1,0.0
110,File,org.apache.poi.hssf.record.Margin,0,0,0,0,0,0,0,0,1,0,0,2,2,0,2,0,0,0,2,1,0,1,1,0,0,4,5,5,0,0,0,0,0.0,0,0,0,0,0,0.0
111,File,org.apache.poi.hssf.record.MergeCellsRecord,1,1,1,1,12,0,8,3,2,0,1,16,16,6,16,0,0,2,14,332,48,149,42,73,135,73,96,41,55,2,2,2,0.91,21,21,21,16,1,0.0
112,File,org.apache.poi.hssf.record.MulBlankRecord,1,1,1,1,10,0,6,3,1,0,1,14,14,4,14,0,1,2,11,256,32,100,28,41,124,41,57,27,30,2,2,2,1.24,17,17,17,14,1,0.0
113,File,org.apache.poi.hssf.record.MulRKRecord,1,1,1,1,9,0,6,3,2,0,1,15,15,6,15,0,1,2,12,263,35,111,33,42,117,46,64,32,32,2,2,2,1.05,18,18,18,15,1,0.0
114,File,org.apache.poi.hssf.record.NameRecord,1,1,1,1,11,1,7,3,1,0,13,56,56,19,56,0,3,3,50,939,159,437,130,261,348,246,324,130,194,13,5,13,0.8,90,79,92,56,2,0.0
115,File,org.apache.poi.hssf.record.NumberFormatIndexRecord,1,1,1,1,8,0,5,2,1,0,1,11,11,1,11,0,0,2,9,193,36,67,21,22,91,24,37,20,17,2,2,2,1.36,12,12,12,11,1,0.0
116,File,org.apache.poi.hssf.record.NumberRecord,1,1,1,1,9,0,7,2,1,0,1,25,25,4,25,0,0,2,23,368,42,200,40,86,126,68,108,38,70,6,6,7,0.63,39,39,46,38,1,0.0
117,File,org.apache.poi.hssf.record.ObjectLinkRecord,1,1,1,1,10,0,5,3,1,0,6,16,16,3,16,0,0,2,14,272,47,108,33,50,118,48,66,32,34,2,2,2,1.09,17,17,17,16,1,0.0
118,File,org.apache.poi.hssf.record.PaletteRecord,1,1,1,1,13,0,11,2,2,1,3,16,15,5,16,0,0,2,14,323,27,194,39,122,104,64,89,41,48,3,3,4,0.54,23,23,25,16,1,1.0
119,File,org.apache.poi.hssf.record.PaneRecord,1,1,1,1,10,0,6,3,1,0,5,20,20,5,20,0,0,2,18,317,51,139,38,67,128,63,85,37,48,2,2,2,0.92,21,21,21,20,1,0.0
120,File,org.apache.poi.hssf.record.PasswordRecord,1,1,1,1,7,0,5,2,1,0,1,11,11,1,11,0,0,2,9,169,21,63,18,21,87,21,34,17,17,2,2,2,1.38,12,12,12,11,1,0.0
121,File,org.apache.poi.hssf.record.PasswordRev4Record,1,1,1,1,7,0,5,2,1,0,1,11,11,1,11,0,0,2,9,170,21,63,18,21,87,21,34,17,17,2,2,2,1.38,12,12,12,11,1,0.0
122,File,org.apache.poi.hssf.record.PlotAreaRecord,1,1,1,1,8,1,4,2,1,0,1,10,10,0,10,0,0,2,8,180,41,55,19,18,85,19,31,18,13,2,2,2,1.55,11,11,11,10,1,0.0
123,File,org.apache.poi.hssf.record.PlotGrowthRecord,1,1,1,1,8,0,5,2,1,0,1,13,13,2,13,0,0,2,11,217,39,82,24,30,97,30,45,23,22,2,2,2,1.18,14,14,14,13,1,0.0
124,File,org.apache.poi.hssf.record.PrecisionRecord,1,1,1,1,8,0,5,2,1,0,1,11,11,1,11,0,0,2,9,177,21,70,18,24,87,22,36,17,19,2,2,2,1.24,13,13,13,11,1,0.0
125,File,org.apache.poi.hssf.record.PrintGridlinesRecord,1,1,1,1,7,0,5,2,1,0,1,12,12,1,12,0,0,2,10,183,22,75,21,26,86,25,40,19,21,2,2,2,1.15,14,14,14,12,1,0.0
126,File,org.apache.poi.hssf.record.PrintHeadersRecord,1,1,1,1,7,0,5,1,1,0,1,12,12,1,12,0,0,2,10,181,22,74,20,26,85,25,40,19,21,2,2,2,1.15,14,14,14,12,1,0.0
127,File,org.apache.poi.hssf.record.PrintSetupRecord,1,1,1,1,5,0,5,0,1,0,9,48,48,11,48,0,0,2,46,443,57,305,83,135,89,127,177,74,103,2,2,2,0.29,49,49,49,48,1,0.0
128,File,org.apache.poi.hssf.record.ProtectRecord,1,1,1,1,7,0,5,2,1,0,1,12,12,1,12,0,0,2,10,182,22,75,20,27,86,25,40,19,21,2,2,2,1.15,14,14,14,12,1,0.0
129,File,org.apache.poi.hssf.record.ProtectionRev4Record,1,1,1,1,7,0,5,2,1,0,1,11,11,1,11,0,0,2,9,176,21,71,19,24,85,22,36,17,19,2,2,2,1.2,13,13,13,11,1,0.0
130,File,org.apache.poi.hssf.record.RKRecord,1,1,1,1,9,0,6,2,1,1,5,24,23,4,24,0,0,2,22,352,39,181,48,76,132,64,97,43,54,4,4,6,0.73,32,32,37,30,1,0.0
131,File,org.apache.poi.hssf.record.RecalcIdRecord,1,1,1,1,8,0,6,1,1,0,1,13,13,2,13,0,0,2,11,204,25,87,24,35,92,36,54,26,28,2,2,2,1.06,17,17,17,13,1,0.0
132,File,org.apache.poi.hssf.record.Record,1,1,1,1,9,0,4,4,1,0,0,15,15,4,15,0,0,3,12,249,39,63,22,23,147,28,40,22,18,1,1,1,2.33,11,11,11,11,0,0.0
133,File,org.apache.poi.hssf.record.RecordFactory,5,5,5,1,42,3,35,4,1,5,3,5,0,0,5,0,1,0,4,370,34,255,43,167,87,88,113,43,70,10,10,11,0.34,25,25,27,5,7,0.0
134,File,org.apache.poi.hssf.record.RecordFormatException,1,1,1,1,4,0,4,0,1,0,0,1,1,0,1,0,0,0,1,70,4,9,4,1,57,2,4,3,1,1,1,1,6.33,1,1,1,1,0,0.0
135,File,org.apache.poi.hssf.record.RecordProcessor,1,1,1,1,9,0,9,0,1,0,0,8,8,4,8,0,2,0,6,160,17,82,22,38,62,42,53,21,32,2,2,2,0.76,10,10,10,8,1,0.0
136,File,org.apache.poi.hssf.record.RefModeRecord,1,1,1,1,7,0,4,2,1,0,3,12,12,1,12,0,0,2,10,180,22,69,22,25,89,26,40,21,19,2,2,2,1.29,13,13,13,12,1,0.0
137,File,org.apache.poi.hssf.record.RefreshAllRecord,1,1,1,1,7,0,5,2,1,0,1,11,11,1,11,0,0,2,9,175,21,70,18,24,85,22,36,17,19,2,2,2,1.21,13,13,13,11,1,0.0
138,File,org.apache.poi.hssf.record.RightMarginRecord,1,1,1,1,0,0,0,0,1,0,1,12,12,1,12,0,0,2,10,1,0,1,1,1,0,24,38,19,19,2,2,2,0.0,13,13,13,12,1,0.0
139,File,org.apache.poi.hssf.record.RowRecord,1,1,1,1,9,0,6,3,1,0,1,37,37,13,37,0,0,2,35,529,78,253,61,115,201,102,146,59,87,4,4,4,0.79,45,45,45,42,1,0.0
140,File,org.apache.poi.hssf.record.SCLRecord,1,1,1,1,9,0,5,2,1,0,1,14,14,2,14,0,0,2,12,228,45,87,25,36,97,35,51,24,27,2,2,2,1.11,15,15,15,14,1,0.0
141,File,org.apache.poi.hssf.record.SSTDeserializer,1,1,2,1,18,1,9,7,1,1,0,23,22,9,23,3,16,0,4,562,58,242,62,121,262,101,139,57,82,6,6,7,1.08,45,45,46,26,2,0.0
142,File,org.apache.poi.hssf.record.SSTRecord,1,1,1,1,16,0,7,8,1,0,6,23,23,5,23,3,0,2,18,543,66,196,63,88,281,85,116,57,59,4,4,5,1.43,32,32,35,26,3,0.0
143,File,org.apache.poi.hssf.record.SSTRecordHeader,1,1,1,1,15,0,9,6,1,0,0,2,2,2,2,0,0,0,2,103,7,26,9,12,70,17,20,9,11,1,1,1,2.69,2,2,2,2,0,0.0
144,File,org.apache.poi.hssf.record.SSTRecordSizeCalculator,2,2,2,1,21,1,18,1,1,0,0,8,8,12,8,0,5,0,3,265,28,167,41,99,70,85,104,39,65,6,6,6,0.42,20,20,20,10,4,0.0
145,File,org.apache.poi.hssf.record.SSTSerializer,1,1,1,1,14,1,10,3,1,2,0,10,8,5,10,0,4,0,6,238,29,116,38,57,93,61,79,39,40,6,6,6,0.8,18,18,18,13,4,0.0
146,File,org.apache.poi.hssf.record.SaveRecalcRecord,1,1,1,1,7,0,5,1,1,0,1,12,12,1,12,0,0,2,10,174,22,68,20,24,84,24,38,19,19,2,2,2,1.24,14,14,14,12,1,0.0
147,File,org.apache.poi.hssf.record.SelectionRecord,1,1,1,1,8,0,5,2,1,0,1,20,20,6,20,0,0,2,18,294,39,130,34,56,126,59,81,33,48,2,2,2,0.97,21,21,21,20,1,0.0
148,File,org.apache.poi.hssf.record.SeriesChartGroupIndexRecord,1,1,1,1,8,0,5,2,1,0,1,11,11,1,11,0,0,2,9,193,36,67,21,22,91,24,37,20,17,2,2,2,1.36,12,12,12,11,1,0.0
149,File,org.apache.poi.hssf.record.SeriesIndexRecord,1,1,1,1,8,0,5,2,1,0,1,12,12,1,12,0,0,2,10,204,43,71,22,27,91,27,41,21,20,2,2,2,1.28,13,13,13,12,1,0.0
150,File,org.apache.poi.hssf.record.SeriesLabelsRecord,1,1,1,1,8,0,4,3,1,0,1,23,23,7,23,0,0,2,21,313,48,127,39,46,139,48,73,38,35,2,2,2,1.09,24,24,24,23,1,0.0
151,File,org.apache.poi.hssf.record.SeriesListRecord,1,1,1,1,8,0,4,2,1,0,1,11,11,1,11,0,0,2,9,191,36,65,21,20,91,24,37,20,17,2,2,2,1.4,12,12,12,11,1,0.0
152,File,org.apache.poi.hssf.record.SeriesRecord,1,1,1,1,11,0,6,4,1,0,13,21,21,6,21,0,0,2,19,364,51,154,48,74,160,66,89,47,42,2,2,2,1.04,22,22,22,21,1,0.0
153,File,org.apache.poi.hssf.record.SeriesTextRecord,1,1,1,1,9,0,5,2,1,0,1,18,18,4,18,0,0,2,16,275,49,118,31,53,109,51,71,30,41,2,2,2,0.92,19,19,19,18,1,0.0
154,File,org.apache.poi.hssf.record.SeriesToChartGroupRecord,1,1,1,1,8,0,5,2,1,0,1,12,12,1,12,0,0,2,10,204,43,71,22,27,91,27,41,21,20,2,2,2,1.28,13,13,13,12,1,0.0
155,File,org.apache.poi.hssf.record.SharedFormulaRecord,1,1,1,1,8,0,6,1,1,0,1,11,11,3,11,0,0,2,9,191,26,80,22,35,85,32,48,21,27,3,3,3,1.06,15,15,15,11,1,0.0
156,File,org.apache.poi.hssf.record.SheetPropertiesRecord,1,1,1,1,9,0,5,3,1,0,4,23,23,7,23,0,0,2,21,331,49,135,42,53,148,53,78,41,37,2,2,2,1.1,24,24,24,23,1,0.0
157,File,org.apache.poi.hssf.record.StringRecord,1,1,1,1,9,0,6,3,1,0,1,16,16,3,16,0,2,2,12,250,27,107,27,40,116,40,60,26,34,2,2,2,1.08,20,20,20,16,1,0.0
158,File,org.apache.poi.hssf.record.StyleRecord,1,1,1,1,10,0,6,3,1,0,3,24,24,5,24,0,1,2,21,399,58,181,40,73,162,59,92,38,54,3,3,3,0.9,32,32,32,24,1,0.0
159,File,org.apache.poi.hssf.record.SupBookRecord,1,1,1,1,7,0,4,2,1,0,1,13,13,2,13,0,0,2,11,185,19,69,20,25,97,28,43,20,23,2,2,2,1.41,14,14,14,13,1,0.0
160,File,org.apache.poi.hssf.record.TabIdRecord,1,1,1,1,9,0,6,2,1,0,1,11,11,1,11,0,0,2,9,188,23,80,21,32,86,33,49,23,26,2,2,2,1.07,15,15,15,11,1,0.0
161,File,org.apache.poi.hssf.record.TextRecord,1,1,1,1,9,0,5,3,1,0,26,62,62,26,62,0,0,2,60,808,93,412,122,207,304,196,260,121,139,2,2,2,0.74,63,63,63,62,1,0.0
162,File,org.apache.poi.hssf.record.TickRecord,1,1,1,1,9,0,6,3,1,0,1,38,38,14,38,0,0,2,36,500,69,255,61,124,177,115,155,60,95,2,2,2,0.69,39,39,39,38,1,0.0
163,File,org.apache.poi.hssf.record.TopMarginRecord,1,1,1,1,0,0,0,0,1,0,1,12,12,1,12,0,0,2,10,1,0,1,1,1,0,24,38,19,19,2,2,2,0.0,13,13,13,12,1,0.0
164,File,org.apache.poi.hssf.record.UnicodeString,1,1,1,1,11,0,7,3,1,0,1,25,25,5,25,1,1,3,20,413,56,206,50,91,154,70,109,48,61,5,5,5,0.75,39,39,42,25,3,0.0
165,File,org.apache.poi.hssf.record.UnitsRecord,1,1,1,1,8,0,5,2,1,0,1,11,11,1,11,0,0,2,9,193,36,67,21,22,91,24,37,20,17,2,2,2,1.36,12,12,12,11,1,0.0
166,File,org.apache.poi.hssf.record.UnknownRecord,1,1,1,1,9,0,6,2,1,0,0,10,10,4,10,0,0,3,7,188,23,76,21,35,89,32,46,20,26,3,3,3,1.17,13,13,13,10,1,0.0
167,File,org.apache.poi.hssf.record.UseSelFSRecord,1,1,1,1,7,0,5,2,1,0,3,11,11,1,11,0,0,2,9,176,21,65,20,23,91,23,36,19,17,2,2,2,1.4,12,12,12,11,1,0.0
168,File,org.apache.poi.hssf.record.VCenterRecord,1,1,1,1,7,0,5,1,1,0,1,12,12,1,12,0,0,2,10,180,22,74,20,26,84,25,40,19,21,2,2,2,1.14,14,14,14,12,1,0.0
169,File,org.apache.poi.hssf.record.ValueRangeRecord,1,1,1,1,8,0,5,3,1,0,1,39,39,15,39,0,0,2,37,483,69,222,63,88,193,90,131,62,69,2,2,2,0.87,40,40,40,39,1,0.0
170,File,org.apache.poi.hssf.record.WSBoolRecord,1,1,1,1,8,0,5,3,1,0,10,30,30,2,30,0,0,2,28,426,70,184,58,78,186,65,97,48,49,2,2,2,1.01,31,31,31,30,1,0.0
171,File,org.apache.poi.hssf.record.WindowOneRecord,1,1,1,1,8,0,5,3,1,0,7,37,37,9,37,0,0,2,35,504,79,229,64,95,205,91,130,58,72,2,2,2,0.9,38,38,38,37,1,0.0
172,File,org.apache.poi.hssf.record.WindowProtectRecord,1,1,1,1,7,0,5,2,1,0,1,11,11,1,11,0,0,2,9,175,21,70,18,24,85,22,36,17,19,2,2,2,1.21,13,13,13,11,1,0.0
173,File,org.apache.poi.hssf.record.WindowTwoRecord,1,1,1,1,9,0,5,3,1,0,1,48,48,19,48,0,0,2,46,631,101,294,77,129,239,115,167,74,93,3,3,3,0.81,51,51,51,48,1,0.0
174,File,org.apache.poi.hssf.record.WriteAccessRecord,1,1,1,1,9,0,6,2,1,0,1,11,11,1,11,0,0,2,9,191,24,80,23,35,89,32,46,22,24,2,2,2,1.11,13,13,13,11,1,0.0
175,File,org.apache.poi.hssf.record.aggregates.FormulaRecordAggregate,1,1,1,1,5,0,4,1,1,0,1,25,25,3,25,0,0,2,23,244,38,119,36,33,87,36,64,34,30,3,3,3,0.73,29,29,29,25,1,0.0
176,File,org.apache.poi.hssf.record.aggregates.RowRecordsAggregate,1,1,1,1,8,0,5,2,1,0,0,14,14,4,14,0,0,2,12,238,36,92,33,32,110,38,56,33,23,3,3,5,1.2,18,18,20,14,1,0.0
177,File,org.apache.poi.hssf.record.aggregates.ValueRecordsAggregate,1,1,2,1,11,0,7,3,1,0,1,14,14,3,14,0,0,2,12,309,35,116,35,47,158,45,70,35,35,7,7,9,1.36,25,25,29,16,2,1.0
178,File,org.apache.poi.hssf.record.formula.AbstractFunctionPtg,1,1,1,1,64,9,54,0,1,2,3,14,12,4,14,0,2,2,10,876,145,666,30,625,65,1098,1116,31,1085,5,5,5,0.1,17,17,17,12,2,1.0
179,File,org.apache.poi.hssf.record.formula.AddPtg,1,1,1,1,4,0,3,0,1,0,3,10,10,0,10,0,0,0,10,137,22,47,19,15,68,18,29,18,11,1,1,1,1.45,10,10,10,10,0,0.0
180,File,org.apache.poi.hssf.record.formula.Area3DPtg,1,1,1,1,6,0,5,0,1,0,2,34,34,7,34,0,0,0,34,354,54,218,58,97,83,108,151,58,93,8,8,8,0.38,42,42,42,41,1,1.0
181,File,org.apache.poi.hssf.record.formula.AreaPtg,1,1,1,1,7,0,4,2,1,0,2,29,29,7,29,0,1,0,28,327,40,159,49,67,130,74,104,48,56,1,1,1,0.82,29,29,29,29,0,1.0
182,File,org.apache.poi.hssf.record.formula.AttrPtg,1,1,1,1,5,0,5,0,1,0,2,25,25,9,25,0,0,0,25,264,36,156,45,72,74,68,104,44,60,8,8,8,0.47,35,35,35,35,1,0.0
183,File,org.apache.poi.hssf.record.formula.BoolPtg,1,1,1,1,3,0,3,0,1,0,2,10,10,2,10,0,1,0,9,129,16,47,20,14,66,19,30,19,11,2,2,2,1.4,12,12,12,10,0,0.0
184,File,org.apache.poi.hssf.record.formula.ConcatPtg,1,1,1,1,4,0,3,0,1,0,3,9,9,0,9,0,0,0,9,130,21,45,18,14,64,17,27,17,10,1,1,1,1.42,9,9,9,9,0,0.0
185,File,org.apache.poi.hssf.record.formula.ControlPtg,0,0,0,0,0,0,0,0,1,0,0,0,0,0,0,0,0,0,0,7,2,5,3,0,0,1,2,2,0,0,0,0,0.0,0,0,0,0,0,0.0
186,File,org.apache.poi.hssf.record.formula.DividePtg,1,1,1,1,4,0,4,0,1,0,2,9,9,0,9,0,0,0,9,129,18,46,18,14,65,17,27,17,10,1,1,1,1.41,9,9,9,9,0,0.0
187,File,org.apache.poi.hssf.record.formula.EqualPtg,1,1,1,1,4,0,4,0,1,0,2,9,9,0,9,0,0,0,9,130,21,45,17,13,64,16,26,16,10,1,1,1,1.42,9,9,9,9,0,0.0
188,File,org.apache.poi.hssf.record.formula.ExpPtg,1,1,1,1,4,0,3,0,1,0,2,7,7,1,7,0,0,0,7,116,15,35,14,11,66,12,21,13,8,2,2,2,1.89,8,8,8,7,1,0.0
189,File,org.apache.poi.hssf.record.formula.FuncPtg,1,1,1,1,8,0,5,3,1,0,2,7,7,1,7,0,1,0,6,83,12,43,15,24,28,19,28,15,13,2,2,2,0.65,8,8,8,7,1,0.0
190,File,org.apache.poi.hssf.record.formula.FuncVarPtg,1,1,1,1,6,0,5,0,1,0,2,8,8,0,8,0,1,0,7,74,12,51,15,30,11,25,35,15,20,2,2,2,0.22,9,9,9,8,1,0.0
191,File,org.apache.poi.hssf.record.formula.GreaterEqualPtg,1,1,1,1,4,0,4,0,1,0,2,9,9,0,9,0,0,0,9,121,18,44,16,13,59,15,25,15,10,1,1,1,1.34,9,9,9,9,0,0.0
192,File,org.apache.poi.hssf.record.formula.GreaterThanPtg,1,1,1,1,8,0,4,4,1,0,3,10,10,0,10,0,0,0,10,175,17,52,19,15,106,18,29,18,11,1,1,1,2.04,10,10,10,10,0,1.0
193,File,org.apache.poi.hssf.record.formula.IntPtg,1,1,1,1,3,0,3,0,1,0,2,10,10,3,10,0,1,0,9,130,16,48,21,15,66,20,31,20,11,1,1,1,1.38,10,10,10,10,0,0.0
194,File,org.apache.poi.hssf.record.formula.LessEqualPtg,1,1,1,1,4,0,4,0,1,0,2,9,9,0,9,0,0,0,9,122,19,44,16,13,59,15,25,15,10,1,1,1,1.34,9,9,9,9,0,0.0
195,File,org.apache.poi.hssf.record.formula.LessThanPtg,1,1,1,1,8,0,4,4,1,0,3,10,10,0,10,0,0,0,10,185,20,52,19,15,113,18,29,18,11,1,1,1,2.17,10,10,10,10,0,1.0
196,File,org.apache.poi.hssf.record.formula.MemErrPtg,1,1,1,1,3,0,3,0,1,0,2,11,11,2,11,0,0,0,11,133,16,53,21,15,64,20,32,20,12,1,1,1,1.21,11,11,11,11,0,0.0
197,File,org.apache.poi.hssf.record.formula.MemFuncPtg,1,1,1,1,4,0,4,0,1,0,1,10,10,1,10,0,0,0,10,131,15,51,17,15,65,18,29,17,12,1,1,1,1.27,10,10,10,10,0,0.0
198,File,org.apache.poi.hssf.record.formula.MissingArgPtg,1,1,1,1,3,0,3,0,1,0,2,7,7,0,7,0,0,0,7,107,17,30,13,7,60,9,17,12,5,1,1,1,2.0,7,7,7,7,0,0.0
199,File,org.apache.poi.hssf.record.formula.MultiplyPtg,1,1,1,1,4,0,4,0,1,0,3,11,11,0,11,0,0,0,11,144,22,57,21,20,65,23,35,20,15,1,1,1,1.14,11,11,11,11,0,0.0
200,File,org.apache.poi.hssf.record.formula.NamePtg,1,1,1,1,4,0,3,0,1,0,2,8,8,3,8,0,1,0,7,126,16,43,19,14,69,20,29,18,11,1,1,1,1.6,8,8,8,8,0,0.0
201,File,org.apache.poi.hssf.record.formula.NameXPtg,1,1,1,1,5,0,4,0,1,0,2,8,8,3,8,0,1,0,7,130,17,46,18,18,70,24,33,18,15,1,1,1,1.52,8,8,8,8,0,0.0
202,File,org.apache.poi.hssf.record.formula.NotEqualPtg,1,1,1,1,4,0,4,0,1,0,2,9,9,0,9,0,0,0,9,124,20,45,17,13,59,16,26,16,10,1,1,1,1.31,9,9,9,9,0,0.0
203,File,org.apache.poi.hssf.record.formula.NumberPtg,1,1,1,1,4,0,3,0,1,0,2,10,10,1,10,0,1,0,9,128,15,46,19,14,67,18,29,18,11,1,1,1,1.46,10,10,10,10,0,0.0
204,File,org.apache.poi.hssf.record.formula.OperationPtg,1,1,1,1,1,0,1,0,1,0,3,4,4,0,4,0,0,0,4,93,10,12,10,4,71,9,11,10,1,1,1,1,5.92,1,1,1,1,0,0.0
205,File,org.apache.poi.hssf.record.formula.ParenthesisPtg,1,1,1,1,3,0,3,0,1,0,2,10,10,0,10,0,0,0,10,127,22,42,17,10,63,13,24,16,8,1,1,1,1.5,10,10,10,10,0,0.0
206,File,org.apache.poi.hssf.record.formula.PowerPtg,1,1,1,1,4,0,4,0,1,0,2,9,9,0,9,0,0,0,9,130,20,45,17,13,65,16,26,16,10,1,1,1,1.44,9,9,9,9,0,0.0
207,File,org.apache.poi.hssf.record.formula.Ptg,11,1,11,1,45,8,35,4,1,1,3,10,9,1,10,0,0,0,10,381,67,193,33,166,137,118,128,33,95,52,4,52,0.71,57,9,57,5,1,1.0
208,File,org.apache.poi.hssf.record.formula.Ref3DPtg,1,1,1,1,4,0,4,0,1,0,2,22,22,5,22,0,0,0,22,216,36,113,43,57,68,65,89,43,46,2,2,2,0.6,23,23,23,22,1,0.0
209,File,org.apache.poi.hssf.record.formula.ReferencePtg,1,1,1,1,4,0,4,0,1,0,2,19,19,4,19,0,1,0,18,198,28,99,34,38,73,45,65,34,31,1,1,1,0.74,19,19,19,19,0,0.0
210,File,org.apache.poi.hssf.record.formula.StringPtg,1,1,1,1,4,0,4,0,1,0,2,10,10,1,10,0,1,0,9,134,18,50,19,16,66,20,31,18,13,1,1,1,1.32,10,10,10,10,0,0.0
211,File,org.apache.poi.hssf.record.formula.SubtractPtg,1,1,1,1,4,0,4,0,1,0,2,9,9,0,9,0,0,0,9,126,17,45,17,13,64,16,26,16,10,1,1,1,1.42,9,9,9,9,0,0.0
212,File,org.apache.poi.hssf.record.formula.UnionPtg,1,1,1,1,4,0,4,0,1,0,1,9,9,0,9,0,0,0,9,120,17,44,14,12,59,14,24,14,10,1,1,1,1.34,9,9,9,9,0,0.0
213,File,org.apache.poi.hssf.record.formula.UnknownPtg,1,1,1,1,4,0,3,0,1,0,0,5,5,1,5,0,0,0,5,98,11,23,9,2,64,4,10,8,2,1,1,1,2.78,5,5,5,5,0,0.0
214,File,org.apache.poi.hssf.usermodel.HSSFCell,3,2,3,1,27,1,18,7,1,0,8,26,26,12,26,0,3,4,19,913,103,518,78,306,292,237,308,76,232,24,19,25,0.56,90,71,95,36,4,1.0
215,File,org.apache.poi.hssf.usermodel.HSSFCellStyle,1,1,1,1,12,0,4,8,1,0,42,42,42,3,42,0,0,1,41,884,144,230,91,98,510,100,143,90,53,1,1,1,2.22,42,42,42,42,0,0.0
216,File,org.apache.poi.hssf.usermodel.HSSFDataFormat,2,2,2,1,23,0,19,3,1,5,1,5,0,0,5,0,1,0,4,241,17,104,12,70,120,69,81,13,68,4,4,5,1.15,11,11,12,7,2,0.0
217,File,org.apache.poi.hssf.usermodel.HSSFDateUtil,1,1,1,1,16,0,10,5,1,6,3,7,1,0,7,0,4,0,3,210,22,88,28,47,108,32,43,22,21,2,2,2,1.23,10,10,10,7,1,1.0
218,File,org.apache.poi.hssf.usermodel.HSSFErrorConstants,0,0,0,0,0,0,0,0,1,0,7,0,0,0,0,0,0,0,0,77,4,11,9,7,69,8,9,9,0,0,0,0,6.27,0,0,0,0,0,0.0
219,File,org.apache.poi.hssf.usermodel.HSSFFont,1,1,1,1,9,0,4,5,1,0,13,20,20,2,20,0,0,1,19,390,71,103,39,35,216,39,60,38,22,1,1,1,2.1,20,20,20,20,0,1.0
220,File,org.apache.poi.hssf.usermodel.HSSFFooter,1,1,1,1,9,0,5,4,1,8,0,16,8,4,16,0,1,1,14,254,22,100,25,52,132,44,69,25,44,11,9,12,1.32,29,27,30,16,3,0.0
221,File,org.apache.poi.hssf.usermodel.HSSFHeader,1,1,1,1,9,0,5,4,1,8,0,16,8,4,16,0,1,1,14,253,21,100,25,52,132,44,69,25,44,11,9,12,1.32,29,27,30,16,3,0.0
222,File,org.apache.poi.hssf.usermodel.HSSFName,1,1,1,1,11,1,5,4,1,0,0,7,7,2,7,0,1,1,5,170,34,46,24,20,90,28,37,24,13,2,2,2,1.96,8,8,8,7,1,1.0
223,File,org.apache.poi.hssf.usermodel.HSSFPalette,1,1,1,1,10,0,8,2,2,0,0,10,10,5,10,0,3,1,6,193,13,97,25,39,85,39,56,26,30,3,3,5,0.88,15,15,17,12,2,0.0
224,File,org.apache.poi.hssf.usermodel.HSSFPrintSetup,1,1,1,1,0,0,0,0,1,0,0,39,39,10,39,0,0,1,38,1,0,1,1,1,0,51,91,52,39,1,1,1,0.0,39,39,39,39,0,0.0
225,File,org.apache.poi.hssf.usermodel.HSSFRow,1,1,1,1,14,0,8,5,1,0,1,24,24,5,24,0,3,5,16,492,75,211,49,93,210,85,128,48,80,5,5,5,1.0,42,42,44,29,1,1.0
226,File,org.apache.poi.hssf.usermodel.HSSFSheet,1,1,1,1,11,0,6,4,1,0,3,47,47,5,47,0,5,3,39,740,128,327,104,132,286,121,182,94,88,5,5,5,0.87,60,60,63,47,2,0.0
227,File,org.apache.poi.hssf.usermodel.HSSFWorkbook,1,1,1,1,14,1,8,5,1,0,3,26,26,2,26,1,1,0,24,537,87,230,81,106,223,114,153,82,71,5,5,5,0.97,40,40,40,28,2,1.0
228,File,org.apache.poi.hssf.util.AreaReference,1,1,1,1,8,0,6,1,1,0,0,5,5,2,5,0,1,0,4,108,9,36,14,19,63,24,32,16,16,2,2,2,1.75,7,7,7,5,1,0.0
229,File,org.apache.poi.hssf.util.CellReference,1,1,2,1,9,1,7,1,1,1,0,11,10,4,11,0,3,0,8,184,24,86,34,58,74,59,78,35,43,4,4,5,0.86,21,21,22,13,2,0.0
230,File,org.apache.poi.hssf.util.HSSFColor,1,1,1,1,5,0,4,0,48,2,154,147,145,0,147,0,0,0,147,1734,249,1207,494,433,278,407,602,353,249,1,1,1,0.23,147,147,147,147,0,0.0
231,File,org.apache.poi.hssf.util.RKUtil,2,2,2,1,20,2,11,7,1,1,0,2,1,0,2,0,1,0,1,113,10,26,6,10,77,8,13,6,7,3,3,3,2.96,4,4,4,2,1,0.0
232,File,org.apache.poi.hssf.util.RangeAddress,2,2,2,1,9,0,9,0,1,3,3,30,27,3,30,0,6,0,24,405,46,284,77,187,76,148,219,81,138,5,5,6,0.27,71,71,84,44,3,0.0
233,File,org.apache.poi.hssf.util.Region,1,1,1,1,9,0,5,4,1,0,0,16,16,4,16,0,0,0,16,257,35,96,24,32,126,27,47,23,24,3,3,9,1.31,19,19,28,18,1,0.0
234,File,org.apache.poi.hssf.util.SheetReferences,1,1,1,1,3,0,3,0,1,0,0,3,3,1,3,0,0,0,3,83,6,17,8,3,60,7,11,8,3,1,1,1,3.53,3,3,3,3,0,0.0
235,File,org.apache.poi.poifs.common.POIFSConstants,0,0,0,0,0,0,0,0,1,0,4,0,0,0,0,0,0,0,0,69,3,8,6,4,59,5,6,6,0,0,0,0,7.38,0,0,0,0,0,0.0
236,File,org.apache.poi.poifs.dev.POIFSViewEngine,5,5,5,1,45,3,35,6,1,2,1,2,0,0,2,0,1,0,1,165,17,77,20,38,72,26,37,17,20,6,6,6,0.94,10,10,10,2,4,0.0
237,File,org.apache.poi.poifs.dev.POIFSViewable,0,0,0,0,0,0,0,0,1,0,0,4,4,0,4,0,0,0,4,115,14,9,7,0,93,6,7,7,0,0,0,0,10.33,0,0,0,0,0,0.0
238,File,org.apache.poi.poifs.dev.POIFSViewer,4,4,4,1,27,1,23,2,1,2,0,2,0,0,2,0,1,0,1,130,14,53,15,24,64,24,33,14,19,5,5,5,1.21,8,8,8,2,2,0.0
239,File,org.apache.poi.poifs.eventfilesystem.POIFSReader,2,2,2,1,28,1,18,7,2,1,0,9,8,2,9,1,1,0,7,364,43,190,59,90,133,66,91,48,43,7,7,7,0.7,24,24,26,9,4,0.0
240,File,org.apache.poi.poifs.eventfilesystem.POIFSReaderEvent,1,1,1,1,8,0,4,4,1,0,0,4,4,3,4,1,0,0,3,117,14,28,12,6,76,12,17,11,6,1,1,1,2.71,4,4,4,4,0,0.0
241,File,org.apache.poi.poifs.eventfilesystem.POIFSReaderListener,0,0,0,0,0,0,0,0,1,0,0,1,1,0,1,0,0,0,1,77,7,5,3,0,66,2,3,3,0,0,0,0,13.2,0,0,0,0,0,0.0
242,File,org.apache.poi.poifs.eventfilesystem.POIFSReaderRegistry,2,2,2,1,20,2,12,5,1,0,0,6,6,3,6,4,2,0,0,221,32,85,28,34,105,30,46,22,24,5,5,5,1.24,15,15,15,6,3,0.0
243,File,org.apache.poi.poifs.filesystem.BATManaged,0,0,0,0,0,0,0,0,1,0,0,2,2,0,2,0,0,0,2,85,9,6,4,0,71,3,4,4,0,0,0,0,11.83,0,0,0,0,0,0.0
244,File,org.apache.poi.poifs.filesystem.DirectoryEntry,0,0,0,0,0,0,0,0,1,0,0,7,7,0,7,0,0,0,7,164,21,20,18,0,124,10,11,11,0,0,0,0,6.2,0,0,0,0,0,0.0
245,File,org.apache.poi.poifs.filesystem.DirectoryNode,1,1,1,1,17,0,8,7,1,0,0,18,18,3,18,4,0,1,13,446,63,175,56,73,209,64,92,43,49,4,4,4,1.19,27,27,27,18,2,0.0
246,File,org.apache.poi.poifs.filesystem.DocumentDescriptor,2,2,3,1,18,0,13,4,1,0,0,4,4,3,4,0,0,0,4,153,15,60,12,26,79,22,34,13,21,4,4,5,1.32,11,11,13,4,2,0.0
247,File,org.apache.poi.poifs.filesystem.DocumentEntry,0,0,0,0,0,0,0,0,1,0,0,1,1,0,1,0,0,0,1,77,7,6,4,0,65,2,3,3,0,0,0,0,10.83,0,0,0,0,0,0.0
248,File,org.apache.poi.poifs.filesystem.DocumentInputStream,1,1,2,1,28,0,10,17,1,0,1,13,13,6,13,0,2,0,11,487,42,152,37,64,294,56,82,27,55,6,6,9,1.93,25,25,28,15,1,0.0
249,File,org.apache.poi.poifs.filesystem.DocumentNode,1,1,1,1,10,0,4,6,1,0,0,9,9,1,9,2,0,1,6,204,32,50,18,13,123,18,28,16,12,1,1,1,2.46,9,9,9,9,0,0.0
250,File,org.apache.poi.poifs.filesystem.DocumentOutputStream,1,1,1,1,15,0,6,8,1,0,0,8,8,3,8,2,1,0,5,214,24,61,24,16,130,20,31,16,15,2,2,2,2.13,10,10,10,8,1,0.0
251,File,org.apache.poi.poifs.filesystem.Entry,0,0,0,0,0,0,0,0,1,0,0,6,6,0,6,0,0,0,6,133,17,10,8,0,107,7,8,8,0,0,0,0,10.7,0,0,0,0,0,0.0
252,File,org.apache.poi.poifs.filesystem.EntryNode,1,1,1,1,12,0,5,7,1,0,0,10,10,2,10,0,0,4,6,231,35,58,20,16,139,21,33,19,14,2,2,3,2.4,11,11,12,9,1,0.0
253,File,org.apache.poi.poifs.filesystem.POIFSDocument,1,1,2,1,19,0,12,6,3,0,0,26,26,14,26,12,0,0,14,669,79,362,94,158,231,148,201,77,124,7,7,7,0.64,50,50,54,28,3,0.0
254,File,org.apache.poi.poifs.filesystem.POIFSDocumentPath,3,3,3,1,24,0,14,9,1,0,0,9,9,2,9,0,0,0,9,314,29,141,24,62,145,49,77,26,51,6,6,7,1.03,27,27,30,14,5,1.0
255,File,org.apache.poi.poifs.filesystem.POIFSFileSystem,1,1,1,1,22,1,12,8,1,1,0,17,16,3,17,3,1,0,13,522,71,248,87,114,204,101,132,67,65,5,5,5,0.82,31,31,31,17,3,0.0
256,File,org.apache.poi.poifs.filesystem.POIFSWriterEvent,1,1,1,1,9,0,5,4,1,0,0,5,5,4,5,1,0,0,4,128,15,33,13,8,81,13,19,11,8,1,1,1,2.45,5,5,5,5,0,0.0
257,File,org.apache.poi.poifs.filesystem.POIFSWriterListener,0,0,0,0,0,0,0,0,1,0,0,1,1,0,1,0,0,0,1,77,7,5,3,0,66,2,3,3,0,0,0,0,13.2,0,0,0,0,0,0.0
258,File,org.apache.poi.poifs.property.Child,0,0,0,0,0,0,0,0,1,0,0,4,4,0,4,0,0,0,4,102,13,8,6,0,82,5,6,6,0,0,0,0,10.25,0,0,0,0,0,0.0
259,File,org.apache.poi.poifs.property.DirectoryProperty,1,1,1,1,19,0,11,7,2,0,0,10,10,2,10,0,0,2,8,310,42,133,34,62,138,61,82,30,52,6,6,6,1.04,19,19,19,10,3,0.0
260,File,org.apache.poi.poifs.property.DocumentProperty,1,1,1,1,10,0,4,5,1,0,0,7,7,1,7,0,0,2,5,162,24,41,13,12,99,15,23,11,12,1,1,1,2.41,7,7,7,7,0,0.0
261,File,org.apache.poi.poifs.property.Parent,0,0,0,0,0,0,0,0,1,0,0,4,4,0,4,0,0,0,4,114,17,12,10,0,86,7,8,8,0,0,0,0,7.17,0,0,0,0,0,0.0
262,File,org.apache.poi.poifs.property.Property,1,1,1,1,13,0,7,5,1,2,17,30,28,17,30,3,0,11,16,577,82,263,88,134,233,144,175,85,90,3,3,3,0.89,34,34,34,28,2,0.0
263,File,org.apache.poi.poifs.property.PropertyConstants,0,0,0,0,0,0,0,0,1,0,4,0,0,0,0,0,0,0,0,71,6,8,6,4,58,5,6,6,0,0,0,0,7.25,0,0,0,0,0,0.0
264,File,org.apache.poi.poifs.property.PropertyFactory,3,2,3,1,27,3,19,5,1,1,0,2,1,0,2,1,1,0,0,139,17,47,14,26,76,23,29,14,15,6,4,6,1.62,7,5,7,2,3,0.0
265,File,org.apache.poi.poifs.property.PropertyTable,1,1,1,1,15,0,8,5,1,0,0,11,11,3,11,0,1,0,10,281,40,115,35,42,127,49,70,32,38,6,6,6,1.1,21,21,21,11,2,0.0
266,File,org.apache.poi.poifs.property.RootProperty,1,1,1,1,11,0,5,5,1,0,0,3,3,0,3,1,0,1,1,114,15,25,11,6,75,11,15,9,6,1,1,1,3.0,3,3,3,3,0,0.0
267,File,org.apache.poi.poifs.storage.BATBlock,1,1,1,1,14,0,8,5,1,7,4,11,4,2,11,1,3,0,7,274,34,115,43,50,126,55,73,39,34,5,5,5,1.1,19,19,19,11,2,0.0
268,File,org.apache.poi.poifs.storage.BigBlock,1,1,1,1,15,0,5,10,1,0,0,3,3,0,3,1,0,1,1,127,14,19,11,2,95,6,9,7,2,1,1,1,5.0,2,2,2,2,0,0.0
269,File,org.apache.poi.poifs.storage.BlockAllocationTableReader,3,3,3,1,31,1,18,10,1,0,0,7,7,1,7,5,1,0,1,322,35,143,44,65,145,60,82,36,46,9,9,9,1.01,21,21,21,10,3,0.0
270,File,org.apache.poi.poifs.storage.BlockAllocationTableWriter,1,1,1,1,15,0,9,5,1,0,0,8,8,3,8,1,0,0,7,241,33,90,33,35,119,41,55,31,24,3,3,4,1.32,13,13,14,10,2,1.0
271,File,org.apache.poi.poifs.storage.BlockList,0,0,0,0,0,0,0,0,1,0,0,4,4,0,4,0,0,0,4,118,14,12,10,0,93,6,7,7,0,0,0,0,7.75,0,0,0,0,0,0.0
272,File,org.apache.poi.poifs.storage.BlockListImpl,1,1,2,1,16,0,9,6,1,0,0,6,6,2,6,0,0,2,4,189,22,66,17,24,102,19,31,13,18,3,3,3,1.55,11,11,12,6,2,0.0
273,File,org.apache.poi.poifs.storage.BlockWritable,0,0,0,0,0,0,0,0,1,0,0,1,1,0,1,0,0,0,1,83,8,8,6,0,68,4,5,5,0,0,0,0,8.5,0,0,0,0,0,0.0
274,File,org.apache.poi.poifs.storage.DocumentBlock,1,1,1,1,17,0,10,6,1,3,1,9,6,2,9,1,1,0,7,260,33,111,39,49,117,46,61,32,29,4,4,4,1.05,15,15,15,9,3,0.0
275,File,org.apache.poi.poifs.storage.HeaderBlockConstants,0,0,0,0,0,0,0,0,1,0,10,0,0,0,0,0,0,0,0,88,7,22,19,11,60,17,18,18,0,0,0,0,2.73,0,0,0,0,0,0.0
276,File,org.apache.poi.poifs.storage.HeaderBlockReader,1,1,1,1,12,0,8,4,1,0,0,7,7,6,7,0,0,0,7,199,31,76,31,29,93,38,49,29,20,4,4,4,1.22,11,11,11,7,1,0.0
277,File,org.apache.poi.poifs.storage.HeaderBlockWriter,1,1,1,1,19,0,12,6,1,1,1,7,6,7,7,2,0,0,5,255,32,108,33,56,116,62,73,31,42,4,4,4,1.07,11,11,11,7,2,0.0
278,File,org.apache.poi.poifs.storage.ListManagedBlock,0,0,0,0,0,0,0,0,1,0,0,1,1,0,1,0,0,0,1,81,8,7,5,0,67,3,4,4,0,0,0,0,9.57,0,0,0,0,0,0.0
279,File,org.apache.poi.poifs.storage.PropertyBlock,1,1,1,1,17,0,10,5,2,1,1,5,4,1,5,1,1,1,2,169,20,62,23,22,88,29,39,23,16,3,3,3,1.42,9,9,9,5,1,0.0
280,File,org.apache.poi.poifs.storage.RawDataBlock,2,2,2,1,20,0,12,7,1,0,0,3,3,2,3,0,0,0,3,145,17,45,16,16,84,14,21,11,10,4,4,4,1.87,7,7,7,3,1,0.0
281,File,org.apache.poi.poifs.storage.RawDataBlockList,3,3,3,3,25,2,15,8,1,0,0,1,1,0,1,0,0,0,1,99,11,22,9,7,67,8,12,7,5,3,3,3,3.05,3,3,3,3,2,0.0
282,File,org.apache.poi.poifs.storage.SmallBlockTableReader,1,1,1,1,26,1,12,13,1,1,0,1,0,0,1,0,0,0,1,101,10,19,11,5,72,7,9,7,2,1,1,1,3.79,1,1,1,1,0,0.0
283,File,org.apache.poi.poifs.storage.SmallBlockTableWriter,1,1,1,1,15,0,8,6,1,0,0,6,6,4,6,0,0,0,6,189,25,63,24,21,101,29,40,22,18,4,4,4,1.6,10,10,10,6,3,1.0
284,File,org.apache.poi.poifs.storage.SmallDocumentBlock,1,1,1,1,17,0,11,5,1,8,3,12,4,1,12,0,4,0,8,323,41,149,49,69,134,66,88,43,45,4,4,4,0.9,22,22,22,12,3,0.0
285,File,org.apache.poi.poifs.storage.SmallDocumentBlockList,1,1,1,1,10,0,5,5,1,0,0,1,1,0,1,0,0,0,1,82,8,11,5,2,64,3,5,4,1,1,1,1,5.82,1,1,1,1,0,0.0
286,File,org.apache.poi.util.BinaryTree,1,1,2,1,19,0,13,5,15,17,6,111,94,17,111,2,45,7,57,2228,235,1227,191,620,773,388,595,195,400,15,15,17,0.63,216,216,230,129,5,0.0
287,File,org.apache.poi.util.BitField,1,1,1,1,14,0,4,9,1,0,0,18,18,2,18,0,0,0,18,362,42,92,24,28,229,26,47,24,23,3,3,3,2.49,23,23,23,18,2,0.0
288,File,org.apache.poi.util.BlockingInputStream,1,1,1,1,6,0,5,0,1,0,0,10,10,1,10,0,0,0,10,154,15,66,25,19,73,20,34,17,17,4,4,5,1.11,13,13,14,12,2,0.0
289,File,org.apache.poi.util.ByteField,1,1,1,1,14,0,5,8,1,0,1,11,11,2,11,0,0,0,11,257,31,73,27,21,154,22,35,18,17,2,2,2,2.11,12,12,12,11,1,0.0
290,File,org.apache.poi.util.CommonsLogger,8,8,8,4,34,1,29,4,1,0,1,3,3,1,3,0,0,0,3,191,18,97,10,37,77,19,44,10,34,12,12,12,0.79,24,24,24,13,2,1.0
291,File,org.apache.poi.util.FixedField,0,0,0,0,0,0,0,0,1,0,0,4,4,0,4,0,0,0,4,120,15,13,11,0,93,7,8,8,0,0,0,0,7.15,0,0,0,0,0,0.0
292,File,org.apache.poi.util.HexDump,2,2,3,1,21,0,15,6,1,10,5,11,1,0,11,0,4,0,7,340,26,185,41,87,129,79,110,38,72,9,9,11,0.7,30,30,34,11,3,1.0
293,File,org.apache.poi.util.HexRead,10,3,10,4,0,0,0,0,1,4,0,4,0,0,4,0,2,0,2,1,0,1,1,1,0,64,82,29,53,30,7,30,0.0,41,15,43,16,4,0.0
294,File,org.apache.poi.util.IntList,2,2,2,1,21,0,10,9,1,0,1,25,25,2,25,0,1,0,24,678,74,279,48,124,327,108,164,54,110,4,4,7,1.17,59,59,65,29,3,0.0
295,File,org.apache.poi.util.IntegerField,1,1,1,1,14,0,5,8,1,0,0,11,11,2,11,0,0,0,11,256,31,69,26,17,157,21,34,17,17,2,2,2,2.28,12,12,12,11,1,0.0
296,File,org.apache.poi.util.LittleEndian,1,1,1,1,12,0,4,7,2,34,3,36,2,0,36,1,3,0,32,636,103,191,72,87,342,84,132,62,70,6,4,6,1.79,49,47,49,36,1,0.0
297,File,org.apache.poi.util.LittleEndianConsts,0,0,0,0,0,0,0,0,1,0,5,0,0,0,0,0,0,0,0,75,6,9,7,5,61,6,7,7,0,0,0,0,6.78,0,0,0,0,0,0.0
298,File,org.apache.poi.util.LongField,1,1,1,1,13,0,5,8,1,0,0,11,11,2,11,0,0,0,11,253,31,70,26,18,153,21,34,17,17,2,2,2,2.19,12,12,12,11,1,0.0
299,File,org.apache.poi.util.NullLogger,1,1,1,1,17,0,4,13,1,0,0,22,22,0,22,0,0,0,22,503,48,102,55,1,353,3,26,25,1,1,1,1,3.46,22,22,22,22,0,1.0
300,File,org.apache.poi.util.POILogFactory,1,1,1,1,16,1,9,5,1,2,1,3,1,0,3,0,1,0,2,135,18,37,12,15,81,16,21,12,9,3,3,3,2.19,5,5,5,3,2,0.0
301,File,org.apache.poi.util.POILogger,2,2,2,1,25,1,12,11,1,0,5,26,26,0,26,1,3,0,22,733,93,298,76,117,343,72,129,54,75,17,17,17,1.15,56,56,56,23,2,1.0
302,File,org.apache.poi.util.ShortField,1,1,1,1,13,0,5,8,1,0,0,11,11,2,11,0,0,0,11,253,31,70,26,18,153,21,34,17,17,2,2,2,2.19,12,12,12,11,1,0.0
303,File,org.apache.poi.util.ShortList,2,2,2,1,21,0,10,9,1,0,1,25,25,2,25,0,1,0,24,678,74,279,48,124,327,108,164,54,110,4,4,7,1.17,59,59,65,29,3,0.0
304,File,org.apache.poi.util.StringUtil,2,2,3,1,0,0,0,0,1,11,1,12,1,0,12,0,2,0,10,1,0,1,1,1,0,63,95,34,61,6,6,10,0.0,31,31,43,16,3,1.0
305,File,org.apache.poi.util.SystemOutLogger,1,1,1,1,8,0,4,4,1,0,0,3,3,1,3,0,0,0,3,108,13,19,8,3,77,7,11,8,3,1,1,1,4.05,3,3,3,3,0,0.0
